time,lat,lon,grid_lat,grid_lon,pmin_hpa,depth_hpa,vmax_ms,flag,source,speed_ms,speed_kt,heading_deg,u_ms,v_ms
2026-09-21 03:00:00,32.6132,138.5867,32.6104,138.5542,974.8502,14.5399,25.8411,ok,wrfout_d02_2026-09-21_03-00-00,7.5712,14.7173,37.8294,4.6435,5.9801
2026-09-21 03:20:15,32.6771,138.6452,32.6928,138.6493,974.7767,14.5977,25.7489,ok,wrfout_d02_2026-09-21_03-20-15,7.5654,14.7059,38.5318,4.7128,5.9181
2026-09-21 03:40:03,32.7417,138.7037,32.7750,138.7445,974.7977,14.6382,25.4778,ok,wrfout_d02_2026-09-21_03-40-03,7.5126,14.6034,38.6830,4.6955,5.8645
2026-09-21 04:00:00,32.8065,138.7654,32.7750,138.7445,974.7380,14.7470,25.2937,ok,wrfout_d02_2026-09-21_04-00-00,7.5213,14.6203,38.8307,4.7160,5.8591
2026-09-21 04:20:15,32.8682,138.8291,32.8572,138.8400,974.7306,14.7933,25.3372,ok,wrfout_d02_2026-09-21_04-20-15,7.5985,14.7703,39.3144,4.8142,5.8788
2026-09-21 04:40:03,32.9287,138.8858,32.9384,138.8389,974.7534,14.8266,25.2653,ok,wrfout_d02_2026-09-21_04-40-03,7.6759,14.9208,39.7887,4.9123,5.8983
2026-09-21 05:00:00,32.9932,138.9494,33.0205,138.9346,974.7510,14.8631,25.2759,ok,wrfout_d02_2026-09-21_05-00-00,7.7798,15.1227,40.1967,5.0212,5.9425
2026-09-21 05:20:15,33.0608,139.0184,33.1025,139.0305,974.8013,14.9093,25.3737,ok,wrfout_d02_2026-09-21_05-20-15,7.8656,15.2896,40.2645,5.0837,6.0020
2026-09-21 05:40:03,33.1249,139.0846,33.1025,139.0305,974.7345,15.0797,25.3964,ok,wrfout_d02_2026-09-21_05-40-03,7.9888,15.5290,40.6730,5.2066,6.0591
2026-09-21 06:00:00,33.1897,139.1536,33.1845,139.1266,974.6098,15.1690,25.4632,ok,wrfout_d02_2026-09-21_06-00-00,8.0326,15.6141,40.9972,5.2695,6.0625
