time,lat,lon,pres_hpa,wind_ms,speed_ms,heading_deg
2026-09-15 12:00:00,14.9,148.9,1003,12.8611,,
2026-09-15 15:00:00,14.8,148.9,1002,13.889988,,
2026-09-15 18:00:00,14.8,148.8,1000,14.918876,0.5600229383198743,297.3881165009463
2026-09-15 21:00:00,14.9,148.7,1000,14.918876,0.9185016616539624,327.2401207997864
2026-09-16 00:00:00,15.0,148.7,999,14.918876,1.5642399956291633,9.12824291480498
2026-09-16 03:00:00,15.1,148.7,999,14.918876,2.8573963663145125,25.670319278757795
2026-09-16 06:00:00,15.4,148.9,998,14.918876,4.33984828430084,27.064314360673627
2026-09-16 09:00:00,15.9,149.2,996,16.462208,5.373344934563616,24.352995619527896
2026-09-16 12:00:00,16.5,149.5,994,18.00554,5.996977867368911,19.10946282713732
2026-09-16 15:00:00,17.0,149.6,993,19.034428,6.320746424369825,20.380813528458663
2026-09-16 18:00:00,17.6,149.7,992,20.063316,6.802535932317426,18.789450265946915
2026-09-16 21:00:00,18.2,150.1,991,23.14998,9.084590659644842,15.409541030781243
2026-09-17 00:00:00,19.0,150.4,990,26.236644,11.197085568229475,8.59458028489145
2026-09-17 03:00:00,20.4,150.6,990,26.236644,12.392492275180455,355.6087899555809
2026-09-17 06:00:00,21.9,150.4,990,26.236644,13.085781727850806,341.0755782241302
2026-09-17 09:00:00,23.0,149.7,988,28.808864,13.564403775011696,325.29176800225486
2026-09-17 12:00:00,23.8,148.6,985,30.86664,13.41202792533324,310.1500768774453
2026-09-17 15:00:00,24.7,147.3,983,31.895528,11.99278080258345,299.077859480594
2026-09-17 18:00:00,25.2,146.0,981,32.924416,10.17225963855802,290.0445319126343
2026-09-17 21:00:00,25.2,145.2,981,31.895528,8.639831634660151,284.5469716747224
2026-09-18 00:00:00,25.1,144.5,981,30.86664,7.4207859163097725,284.716714406687
2026-09-18 03:00:00,25.5,143.7,981,30.86664,6.820920434010407,279.3017130909159
2026-09-18 06:00:00,25.9,142.9,980,30.86664,6.563927507701578,277.3517991671416
2026-09-18 09:00:00,25.6,142.3,980,30.86664,5.851839695647352,278.1224916871657
2026-09-18 12:00:00,25.4,141.7,980,30.86664,5.145636285818953,279.11272204808193
2026-09-18 15:00:00,25.8,141.2,979,31.895528,5.10166945160267,288.0774641661343
2026-09-18 18:00:00,26.2,140.7,977,32.924416,5.07150692575364,294.3879056623371
2026-09-18 21:00:00,26.2,140.2,978,32.924416,4.532339419565834,293.81869773914667
2026-09-19 00:00:00,26.2,139.7,978,32.924416,4.218985244370314,299.5698313886544
2026-09-19 03:00:00,26.5,139.4,978,32.924416,4.801252029278476,310.3972265646513
2026-09-19 06:00:00,27.0,139.1,978,32.924416,5.36596245707972,320.4653795852946
2026-09-19 09:00:00,27.4,138.6,979,32.924416,5.55928971552681,322.25548352241816
2026-09-19 12:00:00,27.8,138.2,980,32.924416,5.007586863465231,320.76745412232293
2026-09-19 15:00:00,28.2,137.9,979,32.924416,3.834711159442946,323.88830867287385
2026-09-19 18:00:00,28.5,137.7,977,32.924416,2.808101650610692,325.74856657572207
2026-09-19 21:00:00,28.6,137.6,978,31.895528,2.7277815724558536,340.7618956228316
2026-09-20 00:00:00,28.7,137.5,978,30.86664,3.3762098657068758,352.39604651586137
2026-09-20 03:00:00,29.2,137.5,978,30.86664,3.867447361795964,356.6987268837013
2026-09-20 06:00:00,29.8,137.5,978,30.86664,4.381450811774409,2.9048361495788853
2026-09-20 09:00:00,30.1,137.5,978,30.86664,4.142388051029891,6.128591211356435
2026-09-20 12:00:00,30.4,137.6,978,30.86664,3.961425969167853,12.832434838977573
2026-09-20 15:00:00,30.8,137.7,977,30.86664,4.6405102859448535,19.270830100416717
2026-09-20 18:00:00,31.3,137.9,976,30.86664,5.686840932584181,24.8630366651684
2026-09-20 21:00:00,31.8,138.2,975,31.895528,6.542731126075568,29.67068806896763
2026-09-21 00:00:00,32.4,138.7,974,32.924416,7.427515399701232,33.22421750180164
2026-09-21 03:00:00,33.0,139.2,973,34.467748,8.202157838115964,40.466511649020966
2026-09-21 06:00:00,33.7,139.8,971,36.01108,9.247033100385222,45.05843587715698
2026-09-21 09:00:00,34.2,140.7,971,36.01108,10.833070294596268,45.42028763077317
2026-09-21 12:00:00,34.9,141.8,971,36.01108,12.221790338287072,46.41405623975348
2026-09-21 15:00:00,35.9,142.9,971,36.01108,13.607499012660684,48.54264919119152
2026-09-21 18:00:00,36.9,144.1,970,36.01108,14.21158686121446,52.95060768844551
2026-09-21 21:00:00,37.6,145.7,971,34.467748,13.820030596360189,59.28506853649832
2026-09-22 00:00:00,38.1,147.4,972,32.924416,13.505761633898256,64.55893526802367
2026-09-22 03:00:00,38.5,148.8,974,31.895528,13.950310197058574,65.23263746299166
2026-09-22 06:00:00,39.0,150.2,975,30.86664,14.881076611780992,63.354222396862696
2026-09-22 09:00:00,39.7,152.1,975,30.86664,,
2026-09-22 12:00:00,40.5,154.2,975,30.86664,,
